h_geocode,w_geocode,total_jobs,origin_loc_lat,origin_loc_lon,dest_loc_lat,dest_loc_lon,origin_geom,dest_geom
470650103081,470650034001,54,35.2358078034422,-85.20252591663227,35.20720655306287,-85.20659362975714,POINT (-85.20252591663227 35.2358078034422),POINT (-85.20659362975714 35.20720655306287)
470650102011,470650117004,94,35.315719858319866,-85.13166338650046,35.320565472262196,-85.18631758119695,POINT (-85.13166338650046 35.315719858319866),POINT (-85.18631758119695 35.320565472262196)
470650104132,470650109011,61,35.19870837436332,-85.15789334629349,35.20343674679819,-85.1813964686231,POINT (-85.15789334629349 35.19870837436332),POINT (-85.1813964686231 35.20343674679819)
470650014001,470650031002,73,35.03184028354729,-85.29040025376509,35.03646276133148,-85.24337556250167,POINT (-85.29040025376509 35.03184028354729),POINT (-85.24337556250167 35.03646276133148)
470650103063,470650114482,94,35.246269713485766,-85.17316600629013,35.30077634682735,-85.22992131617089,POINT (-85.17316600629013 35.246269713485766),POINT (-85.22992131617089 35.30077634682735)
470650114421,470650123003,64,34.98746247253531,-85.19142930174816,35.018683473631185,-85.12264885861634,POINT (-85.19142930174816 34.98746247253531),POINT (-85.12264885861634 35.018683473631185)
470650019001,470650025002,61,35.00829208152497,-85.31285400416422,34.97967504742171,-85.3454701848248,POINT (-85.31285400416422 35.00829208152497),POINT (-85.3454701848248 34.97967504742171)
470650113261,470650031001,65,35.00158664724818,-85.15612488665604,35.01087621813383,-85.13449628650734,POINT (-85.15612488665604 35.00158664724818),POINT (-85.13449628650734 35.01087621813383)
470650122001,470650008001,25,35.05115336803464,-85.25896584070397,35.05662796836611,-85.27518318611665,POINT (-85.25896584070397 35.05115336803464),POINT (-85.27518318611665 35.05662796836611)
470650007004,470650113254,24,35.08030650000643,-85.30314350000069,35.0648335171116,-85.27240381774568,POINT (-85.30314350000069 35.08030650000643),POINT (-85.27240381774568 35.0648335171116)
470650103081,470650014001,80,35.23694774070093,-85.2004996556491,35.27362598971333,-85.2026651694778,POINT (-85.2004996556491 35.23694774070093),POINT (-85.2026651694778 35.27362598971333)
470650114475,470650121003,1,35.115804349979584,-85.11545245001216,35.106324154893684,-85.18219416620644,POINT (-85.11545245001216 35.115804349979584),POINT (-85.18219416620644 35.106324154893684)
470650008001,470659802001,86,35.06832105826103,-85.31271527414663,35.129234746319945,-85.36101221104931,POINT (-85.31271527414663 35.06832105826103),POINT (-85.36101221104931 35.129234746319945)
470650013001,470650113211,31,35.02638268989587,-85.275686942271,35.029588204554074,-85.31652231922412,POINT (-85.275686942271 35.02638268989587),POINT (-85.31652231922412 35.029588204554074)
470650104324,470650114111,70,35.11087673394628,-85.21267989913609,35.07270921975701,-85.15647228338709,POINT (-85.21267989913609 35.11087673394628),POINT (-85.15647228338709 35.07270921975701)
470650113261,470650033001,83,35.00234013831002,-85.15536655632732,34.96576266648147,-85.1763753407237,POINT (-85.15536655632732 35.00234013831002),POINT (-85.1763753407237 34.96576266648147)
470650114472,470650114472,45,35.086434284865184,-85.08915103462802,35.06073217718448,-85.07548151640927,POINT (-85.08915103462802 35.086434284865184),POINT (-85.07548151640927 35.06073217718448)
470650113111,470650112032,33,35.04947812012197,-85.1233438468396,35.06480644935179,-85.1493079323052,POINT (-85.1233438468396 35.04947812012197),POINT (-85.1493079323052 35.06480644935179)
470650114134,470650008001,40,35.12452030026029,-85.16785715766737,35.151148480386304,-85.15436423103837,POINT (-85.16785715766737 35.12452030026029),POINT (-85.15436423103837 35.151148480386304)
470650111001,470650104311,82,35.142555927541345,-85.34110335842293,35.092879901061295,-85.36098662211424,POINT (-85.34110335842293 35.142555927541345),POINT (-85.36098662211424 35.092879901061295)
470650114442,470650013002,72,35.0500710932438,-85.22704265582976,35.06519772645976,-85.2097752534478,POINT (-85.22704265582976 35.0500710932438),POINT (-85.2097752534478 35.06519772645976)
470650105015,470650004002,50,35.1165983172991,-85.27697089875032,35.092090404800864,-85.34709091878942,POINT (-85.27697089875032 35.1165983172991),POINT (-85.34709091878942 35.092090404800864)
470650114472,470650114451,79,35.082395156605145,-85.09614174085233,35.06780947658794,-85.09003354896954,POINT (-85.09614174085233 35.082395156605145),POINT (-85.09003354896954 35.06780947658794)
470650113111,470650113113,6,35.048566484021215,-85.11797491796848,35.050378641001906,-85.2141882112715,POINT (-85.11797491796848 35.048566484021215),POINT (-85.2141882112715 35.050378641001906)
470650105023,470650104326,35,35.09423665158966,-85.27148903834524,35.07402514334099,-85.23211606576045,POINT (-85.27148903834524 35.09423665158966),POINT (-85.23211606576045 35.07402514334099)
470650109042,470650031001,52,35.10598887433197,-85.32334266840267,35.127201021285046,-85.3281657814455,POINT (-85.32334266840267 35.10598887433197),POINT (-85.3281657814455 35.127201021285046)
470650007003,470650124002,71,35.06977582670048,-85.28970099532528,35.042606223134946,-85.24475104823472,POINT (-85.28970099532528 35.06977582670048),POINT (-85.24475104823472 35.042606223134946)
470650013001,470650019002,81,35.02899440777188,-85.27289530936675,35.0020038916637,-85.25170764951692,POINT (-85.27289530936675 35.02899440777188),POINT (-85.25170764951692 35.0020038916637)
470650110041,470650110042,56,35.15263665896558,-85.31929869294976,35.1719208933117,-85.32148658049248,POINT (-85.31929869294976 35.15263665896558),POINT (-85.32148658049248 35.1719208933117)
470650113113,470650031001,98,35.05523431062765,-85.07732368867708,35.0147779317257,-85.03784313126866,POINT (-85.07732368867708 35.05523431062765),POINT (-85.03784313126866 35.0147779317257)
470650103043,470650104313,10,35.20328960010527,-85.15240760008328,35.16244059521205,-85.20279737099435,POINT (-85.15240760008328 35.20328960010527),POINT (-85.20279737099435 35.16244059521205)
470650104124,470650031002,51,35.203019304319376,-85.20527355770527,35.22703381329206,-85.21141649060942,POINT (-85.20527355770527 35.203019304319376),POINT (-85.21141649060942 35.22703381329206)
470650113263,470650029001,56,35.002289950007295,-85.1470717500537,35.06564944691686,-85.11682108589976,POINT (-85.1470717500537 35.002289950007295),POINT (-85.11682108589976 35.06564944691686)
470650108001,470650113211,30,35.09068629065397,-85.31724412883256,35.07768706125638,-85.28450636386154,POINT (-85.31724412883256 35.09068629065397),POINT (-85.28450636386154 35.07768706125638)
470650104312,470659802001,5,35.17024169029831,-85.23394826472703,35.16910771457521,-85.24799731994887,POINT (-85.23394826472703 35.17024169029831),POINT (-85.24799731994887 35.16910771457521)
470650104341,470650016003,91,35.21670184895291,-85.22752709373293,35.235098700370806,-85.24448073928718,POINT (-85.22752709373293 35.21670184895291),POINT (-85.24448073928718 35.235098700370806)
470650103081,470650114492,72,35.23136548131167,-85.21736546291407,35.287180191069424,-85.28448781593656,POINT (-85.21736546291407 35.23136548131167),POINT (-85.28448781593656 35.287180191069424)
470650114473,470650023001,63,35.12398014272903,-85.09547642723759,35.15832975096379,-85.11576006705829,POINT (-85.09547642723759 35.12398014272903),POINT (-85.11576006705829 35.15832975096379)
470650104114,470650031002,11,35.1833297500029,-85.22536719953649,35.20945255002741,-85.2501210680803,POINT (-85.22536719953649 35.1833297500029),POINT (-85.2501210680803 35.20945255002741)
470650114022,470650114441,66,35.08385372611656,-85.19085066762455,35.06699372478139,-85.24315059775199,POINT (-85.19085066762455 35.08385372611656),POINT (-85.24315059775199 35.06699372478139)
470650104341,470650020001,37,35.19948688028544,-85.2577721407158,35.15961333137213,-85.26425863145505,POINT (-85.2577721407158 35.19948688028544),POINT (-85.26425863145505 35.15961333137213)
470650104111,470650031002,45,35.18624600001351,-85.19761385005575,35.21206221657807,-85.16261078853411,POINT (-85.19761385005575 35.18624600001351),POINT (-85.16261078853411 35.21206221657807)
470650111002,470650110042,7,35.12793427760819,-85.33442201636436,35.12321635928576,-85.31104244748094,POINT (-85.33442201636436 35.12793427760819),POINT (-85.31104244748094 35.12321635928576)
470650109051,470650004002,37,35.14473240917452,-85.29471953057133,35.14962774319203,-85.2980901659037,POINT (-85.29471953057133 35.14473240917452),POINT (-85.2980901659037 35.14962774319203)
470650103043,470659802001,12,35.221489102940794,-85.14440973149357,35.1665690134496,-85.18181513343698,POINT (-85.14440973149357 35.221489102940794),POINT (-85.18181513343698 35.1665690134496)
470650114022,470650123003,27,35.088902263383574,-85.18558628923819,35.083361865352295,-85.19701848244391,POINT (-85.18558628923819 35.088902263383574),POINT (-85.19701848244391 35.083361865352295)
470650103092,470650109012,52,35.28787510412089,-85.16494105316346,35.304424586769294,-85.17269332031238,POINT (-85.16494105316346 35.28787510412089),POINT (-85.17269332031238 35.304424586769294)
470650104312,470650012003,63,35.16934428334725,-85.2336260164133,35.17018013180953,-85.205951478274,POINT (-85.2336260164133 35.16934428334725),POINT (-85.205951478274 35.17018013180953)
470650116002,470650114451,38,34.995026000004806,-85.23007550000924,34.965838903776465,-85.24750905801642,POINT (-85.23007550000924 34.995026000004806),POINT (-85.24750905801642 34.965838903776465)
470650104132,470650112032,77,35.195286694998934,-85.15084636769306,35.20003182888782,-85.11285690159605,POINT (-85.15084636769306 35.195286694998934),POINT (-85.11285690159605 35.20003182888782)
470650104331,470650113214,60,35.13638450003013,-85.25622849998072,35.15751212567691,-85.2279654769776,POINT (-85.25622849998072 35.13638450003013),POINT (-85.2279654769776 35.15751212567691)
470650114472,470650031002,96,35.09273658739778,-85.08711638018647,35.07401904645155,-85.04646592979513,POINT (-85.08711638018647 35.09273658739778),POINT (-85.04646592979513 35.07401904645155)
470650104313,470650012003,61,35.14505342432986,-85.24666769263729,35.176575523698396,-85.26212480770002,POINT (-85.24666769263729 35.14505342432986),POINT (-85.26212480770002 35.176575523698396)
470650112054,470650114491,71,35.13075284667044,-85.03700723046218,35.139409097506245,-85.11182863934309,POINT (-85.03700723046218 35.13075284667044),POINT (-85.11182863934309 35.139409097506245)
470650114454,470650104313,16,35.04687877236118,-85.17814533862938,35.07991368610206,-85.20122470748983,POINT (-85.17814533862938 35.04687877236118),POINT (-85.20122470748983 35.07991368610206)
470650104124,470650104341,74,35.20251137355137,-85.20476610988709,35.193390057716776,-85.20395204695465,POINT (-85.20476610988709 35.20251137355137),POINT (-85.20395204695465 35.193390057716776)
470650114476,470650112062,89,35.11495751472816,-85.08652295066551,35.07102384659925,-85.13767801727913,POINT (-85.08652295066551 35.11495751472816),POINT (-85.13767801727913 35.07102384659925)
470650117001,470650116003,39,34.996242002637274,-85.23821532149296,34.989891613103886,-85.26652245836432,POINT (-85.23821532149296 34.996242002637274),POINT (-85.26652245836432 34.989891613103886)
470650113214,470650124002,40,35.027562149836136,-85.14405897533311,35.05509608288471,-85.18580992999225,POINT (-85.14405897533311 35.027562149836136),POINT (-85.18580992999225 35.05509608288471)
470650112033,470650031002,42,35.01462600549029,-85.05603177239212,35.03826666760712,-85.1174299126972,POINT (-85.05603177239212 35.01462600549029),POINT (-85.1174299126972 35.03826666760712)
470650113212,470650113232,68,35.013957082085696,-85.12827035194083,35.00823535815181,-85.16440293326623,POINT (-85.12827035194083 35.013957082085696),POINT (-85.16440293326623 35.00823535815181)
470650113213,470650113113,96,35.028621876480734,-85.12717139455556,35.026483016483425,-85.11298866660229,POINT (-85.12717139455556 35.028621876480734),POINT (-85.11298866660229 35.026483016483425)
470650112051,470650114492,82,35.095316899999986,-85.0658024,35.095408485410225,-85.07480552514922,POINT (-85.0658024 35.095316899999986),POINT (-85.07480552514922 35.095408485410225)
470650101012,470650025002,92,35.1742433000024,-85.08073320001498,35.16644133633008,-85.12832788859211,POINT (-85.08073320001498 35.1742433000024),POINT (-85.12832788859211 35.16644133633008)
470650025004,470650020001,86,35.01104580000271,-85.27840420001552,35.03264655249512,-85.37287205074095,POINT (-85.27840420001552 35.01104580000271),POINT (-85.37287205074095 35.03264655249512)
470650109041,470659802001,10,35.10189871590212,-85.32136280119383,35.11433393883003,-85.32131848694468,POINT (-85.32136280119383 35.10189871590212),POINT (-85.32131848694468 35.11433393883003)
470650118004,470650114462,82,34.99188875003499,-85.24316414230933,35.05198387248691,-85.17886898898303,POINT (-85.24316414230933 34.99188875003499),POINT (-85.17886898898303 35.05198387248691)
470650109052,470650114462,20,35.11923687509361,-85.30646050900805,35.15363793762985,-85.25452933446823,POINT (-85.30646050900805 35.11923687509361),POINT (-85.25452933446823 35.15363793762985)
470650101041,470659802001,100,35.31092222678599,-85.03242553854655,35.31150238642526,-85.06369702036056,POINT (-85.03242553854655 35.31092222678599),POINT (-85.06369702036056 35.31150238642526)
470650114132,470650012003,88,35.11328545721576,-85.13413509486473,35.12951689308378,-85.11501771813928,POINT (-85.13413509486473 35.11328545721576),POINT (-85.11501771813928 35.12951689308378)
470650101031,470650031002,58,35.21397948064321,-85.01772695872937,35.16866311794978,-84.98870316393892,POINT (-85.01772695872937 35.21397948064321),POINT (-84.98870316393892 35.16866311794978)
470650114483,470659802001,62,35.0556550207878,-85.16073241814198,34.991591432673026,-85.20280858260053,POINT (-85.16073241814198 35.0556550207878),POINT (-85.20280858260053 34.991591432673026)
470650113142,470650114111,99,35.02413307498056,-85.09006215360994,35.0522346377903,-85.09007408142129,POINT (-85.09006215360994 35.02413307498056),POINT (-85.09007408142129 35.0522346377903)
470650104311,470650124002,78,35.15905261388951,-85.22309921983395,35.14311923599626,-85.22447751215257,POINT (-85.22309921983395 35.15905261388951),POINT (-85.22447751215257 35.14311923599626)
470650104352,470650123003,51,35.159065700969855,-85.25901486097641,35.124670016312116,-85.25964745582479,POINT (-85.25901486097641 35.159065700969855),POINT (-85.25964745582479 35.124670016312116)
470650011002,470650016003,50,35.03813835241402,-85.28402684532922,35.06370384500939,-85.30825346752796,POINT (-85.28402684532922 35.03813835241402),POINT (-85.30825346752796 35.06370384500939)
470650118001,470659802001,48,34.99115035140952,-85.26514903090967,34.9928835368252,-85.25932344028928,POINT (-85.26514903090967 34.99115035140952),POINT (-85.25932344028928 34.9928835368252)
470650113213,470650012003,72,35.02556535679508,-85.13214477213812,35.03269851165034,-85.130090564775,POINT (-85.13214477213812 35.02556535679508),POINT (-85.130090564775 35.03269851165034)
470650112042,470650112032,1,35.03969624999791,-85.0173136500671,35.07140275124086,-85.02825376653091,POINT (-85.0173136500671 35.03969624999791),POINT (-85.02825376653091 35.07140275124086)
470650114441,470659802001,58,35.062777804407204,-85.20742619502062,35.05980133067358,-85.20064252786204,POINT (-85.20742619502062 35.062777804407204),POINT (-85.20064252786204 35.05980133067358)
470650113211,470650012003,37,35.02569186091644,-85.15608718209859,35.005566303394275,-85.18581332084366,POINT (-85.15608718209859 35.02569186091644),POINT (-85.18581332084366 35.005566303394275)
470650104132,470650031001,77,35.17415084206088,-85.15511978395214,35.09566762919308,-85.12963795214733,POINT (-85.15511978395214 35.17415084206088),POINT (-85.12963795214733 35.09566762919308)
470650104322,470650031002,49,35.14366476393951,-85.19879855983189,35.14143232257423,-85.18355092569347,POINT (-85.19879855983189 35.14366476393951),POINT (-85.18355092569347 35.14143232257423)
470650114453,470650114111,92,35.03566861290239,-85.17837832190808,35.01814191939017,-85.25533242624057,POINT (-85.17837832190808 35.03566861290239),POINT (-85.25533242624057 35.01814191939017)
470650016002,470650007001,46,35.04118520555987,-85.31717874272492,35.05779270206945,-85.34698537208818,POINT (-85.31717874272492 35.04118520555987),POINT (-85.34698537208818 35.05779270206945)
470650112032,470650109021,87,35.025555043787286,-85.05453717487228,35.03152426141735,-85.11983132170774,POINT (-85.05453717487228 35.025555043787286),POINT (-85.11983132170774 35.03152426141735)
470650124001,470650029001,77,35.049988635992456,-85.3038826581054,34.99933847824173,-85.35923748660618,POINT (-85.3038826581054 35.049988635992456),POINT (-85.35923748660618 34.99933847824173)
470650108003,470650004002,71,35.108083653292695,-85.2977578183632,35.06961322638582,-85.2765208752052,POINT (-85.2977578183632 35.108083653292695),POINT (-85.2765208752052 35.06961322638582)
470650114132,470650123003,27,35.115245999997846,-85.1338364999723,35.07912836927296,-85.15068533403446,POINT (-85.1338364999723 35.115245999997846),POINT (-85.15068533403446 35.07912836927296)
470650019002,470650031001,93,35.00953950085559,-85.31359866733473,34.973251903887295,-85.37729187024426,POINT (-85.31359866733473 35.00953950085559),POINT (-85.37729187024426 34.973251903887295)
470650112053,470650112051,14,35.15390591567151,-85.04736051492291,35.14455128017443,-85.04810344487754,POINT (-85.04736051492291 35.15390591567151),POINT (-85.04810344487754 35.14455128017443)
470650016002,470650121003,44,35.040927995219924,-85.31732390751706,34.99579837619213,-85.25452366077698,POINT (-85.31732390751706 35.040927995219924),POINT (-85.25452366077698 34.99579837619213)
470650113212,470650031002,25,35.014076499991795,-85.12866540006415,35.010406778243365,-85.10558594648177,POINT (-85.12866540006415 35.014076499991795),POINT (-85.10558594648177 35.010406778243365)
470650114473,470650114482,26,35.123715800009954,-85.09673749999924,35.08495613505509,-85.08066503891926,POINT (-85.09673749999924 35.123715800009954),POINT (-85.08066503891926 35.08495613505509)
470650104352,470650121003,82,35.14411723439876,-85.2614816882591,35.17300981657846,-85.27562945225833,POINT (-85.2614816882591 35.14411723439876),POINT (-85.27562945225833 35.17300981657846)
470650116002,470650114111,60,34.99907850000253,-85.22858300001396,34.95161387798358,-85.26701183167872,POINT (-85.22858300001396 34.99907850000253),POINT (-85.26701183167872 34.95161387798358)
470650120001,470650112062,51,35.007369150058985,-85.34304975000947,35.071418234852516,-85.27557582463074,POINT (-85.34304975000947 35.007369150058985),POINT (-85.27557582463074 35.071418234852516)
470650105012,470650112063,24,35.12590405190719,-85.26449074161228,35.14366851682527,-85.20734149721332,POINT (-85.26449074161228 35.12590405190719),POINT (-85.20734149721332 35.14366851682527)
470650030003,470650114132,43,35.011578175857856,-85.22873076164497,34.99453018378991,-85.16499517297018,POINT (-85.22873076164497 35.011578175857856),POINT (-85.16499517297018 34.99453018378991)
470650014001,470659802001,37,35.03473425000301,-85.28075550000428,35.024070652480724,-85.2862281589328,POINT (-85.28075550000428 35.03473425000301),POINT (-85.2862281589328 35.024070652480724)
470650104315,470650123003,92,35.15922176866852,-85.21374404568861,35.14772487564839,-85.19688001960343,POINT (-85.21374404568861 35.15922176866852),POINT (-85.19688001960343 35.14772487564839)
470650114111,470650030001,100,35.09460985191296,-85.24503861751809,35.074703689333376,-85.20982086836986,POINT (-85.24503861751809 35.09460985191296),POINT (-85.20982086836986 35.074703689333376)
470650113234,470650006001,28,35.042143457559575,-85.13954406125477,35.00553020473214,-85.10070779644626,POINT (-85.13954406125477 35.042143457559575),POINT (-85.10070779644626 35.00553020473214)
470650109021,470650008001,12,35.11182257176371,-85.33635995304988,35.11823717621977,-85.32873204349566,POINT (-85.33635995304988 35.11182257176371),POINT (-85.32873204349566 35.11823717621977)
470650117004,470650031002,70,35.00358096451963,-85.25128634496804,35.0396856163753,-85.27497371037494,POINT (-85.25128634496804 35.00358096451963),POINT (-85.27497371037494 35.0396856163753)
470650109021,470650026003,71,35.11284259794063,-85.33301332173184,35.11780139175548,-85.32118991537192,POINT (-85.33301332173184 35.11284259794063),POINT (-85.32118991537192 35.11780139175548)
470650104115,470650104323,2,35.18357901811055,-85.23091418709481,35.13717726499241,-85.28160590441327,POINT (-85.23091418709481 35.18357901811055),POINT (-85.28160590441327 35.13717726499241)
470650123001,470650123003,40,35.06640518564771,-85.2479967927029,35.0386309780979,-85.31955479660051,POINT (-85.2479967927029 35.06640518564771),POINT (-85.31955479660051 35.0386309780979)
470650024004,470650019002,100,35.00145500001665,-85.28860499998855,35.072751165707665,-85.36993598296455,POINT (-85.28860499998855 35.00145500001665),POINT (-85.36993598296455 35.072751165707665)
470650104352,470650113214,93,35.16659550001042,-85.25090200001782,35.15312957722065,-85.26044077876337,POINT (-85.25090200001782 35.16659550001042),POINT (-85.26044077876337 35.15312957722065)
470650104352,470650104334,98,35.1434786515839,-85.25234252084566,35.17706092460338,-85.296152122975,POINT (-85.25234252084566 35.1434786515839),POINT (-85.296152122975 35.17706092460338)
470650103031,470650113232,41,35.21552109998655,-85.15567855000322,35.17002103250916,-85.14757526658755,POINT (-85.15567855000322 35.21552109998655),POINT (-85.14757526658755 35.17002103250916)
470650114134,470650024003,84,35.12456050622097,-85.16482240226169,35.120686842099886,-85.19754165415078,POINT (-85.16482240226169 35.12456050622097),POINT (-85.19754165415078 35.120686842099886)
470650020002,470650123003,16,35.02833384998509,-85.31434945020321,35.01443555044977,-85.33045552428506,POINT (-85.31434945020321 35.02833384998509),POINT (-85.33045552428506 35.01443555044977)
470650117001,470650031002,32,34.99673784656667,-85.23745813801021,35.0557323715136,-85.26892621773172,POINT (-85.23745813801021 34.99673784656667),POINT (-85.26892621773172 35.0557323715136)
470650025004,470650031002,56,35.01339100004242,-85.27394849996129,35.08096079727503,-85.20496653104448,POINT (-85.27394849996129 35.01339100004242),POINT (-85.20496653104448 35.08096079727503)
470650113241,470650114452,93,35.02454094649526,-85.11162426801067,35.00059868666965,-85.12851466147778,POINT (-85.11162426801067 35.02454094649526),POINT (-85.12851466147778 35.00059868666965)
470650104113,470650104326,9,35.17997808629409,-85.18556309990194,35.21031234990912,-85.1905759114622,POINT (-85.18556309990194 35.17997808629409),POINT (-85.1905759114622 35.21031234990912)
470650104114,470650031002,92,35.17994568736518,-85.22668778806869,35.17092884248285,-85.19300122491485,POINT (-85.22668778806869 35.17994568736518),POINT (-85.19300122491485 35.17092884248285)
470650114451,470650113234,86,35.03486650001395,-85.18736749996955,35.021095429729996,-85.166185872823,POINT (-85.18736749996955 35.03486650001395),POINT (-85.166185872823 35.021095429729996)
470650103032,470650004002,25,35.20546836634392,-85.15375462000173,35.23820956627685,-85.08189128864028,POINT (-85.15375462000173 35.20546836634392),POINT (-85.08189128864028 35.23820956627685)
470650113213,470650034001,67,35.02553313148042,-85.13107007203241,35.0364536376592,-85.18320400204992,POINT (-85.13107007203241 35.02553313148042),POINT (-85.18320400204992 35.0364536376592)
470650019003,470650019002,77,34.9917441376099,-85.30793818339222,35.00494474643113,-85.31165132466859,POINT (-85.30793818339222 34.9917441376099),POINT (-85.31165132466859 35.00494474643113)
470650114461,470650028002,38,35.014147610283985,-85.16455676714557,35.02196635132701,-85.22538066027883,POINT (-85.16455676714557 35.014147610283985),POINT (-85.22538066027883 35.02196635132701)
470650113111,470650113111,23,35.053266800337745,-85.12201961654466,35.1037593443056,-85.08320210444408,POINT (-85.12201961654466 35.053266800337745),POINT (-85.08320210444408 35.1037593443056)
470650104114,470650004002,47,35.1807497635062,-85.2144478235617,35.15170812388371,-85.13416856711892,POINT (-85.2144478235617 35.1807497635062),POINT (-85.13416856711892 35.15170812388371)
470650104334,470659802001,62,35.12349040835972,-85.24484151024308,35.09319512420969,-85.2565741808739,POINT (-85.24484151024308 35.12349040835972),POINT (-85.2565741808739 35.09319512420969)
470650104324,470650124002,80,35.109177074617925,-85.21335254949163,35.12112777892923,-85.23060301798446,POINT (-85.21335254949163 35.109177074617925),POINT (-85.23060301798446 35.12112777892923)
470650025004,470650114491,39,35.01244590029988,-85.28165269963458,35.02614343811087,-85.27506588900505,POINT (-85.28165269963458 35.01244590029988),POINT (-85.27506588900505 35.02614343811087)
470650101012,470650114472,85,35.19726241989174,-85.10842999826494,35.20620287179421,-85.0794752270222,POINT (-85.10842999826494 35.19726241989174),POINT (-85.0794752270222 35.20620287179421)
470650114454,470650024003,68,35.04619834276797,-85.17662159842017,35.04690080129038,-85.189478984008,POINT (-85.17662159842017 35.04619834276797),POINT (-85.189478984008 35.04690080129038)
470650112062,470650104326,58,35.087773894934536,-85.04272206730019,35.03636840790711,-85.12096990144308,POINT (-85.04272206730019 35.087773894934536),POINT (-85.12096990144308 35.03636840790711)
470650114452,470650123003,17,35.0372580000701,-85.16723099992295,35.108419466261495,-85.18737186404428,POINT (-85.16723099992295 35.0372580000701),POINT (-85.18737186404428 35.108419466261495)
470650114112,470650114441,68,35.09853140430788,-85.19471520929018,35.1088970891991,-85.17918115421995,POINT (-85.19471520929018 35.09853140430788),POINT (-85.17918115421995 35.1088970891991)
470650104351,470650114454,80,35.16014308568116,-85.26267259331746,35.2019169123722,-85.25679354123166,POINT (-85.26267259331746 35.16014308568116),POINT (-85.25679354123166 35.2019169123722)
470650114492,470650112033,42,35.049735812234985,-85.16530171285486,35.01550690977603,-85.21601323801336,POINT (-85.16530171285486 35.049735812234985),POINT (-85.21601323801336 35.01550690977603)
470650113116,470650104112,35,35.078608947054946,-85.08755360953934,35.06358644325448,-85.04830068258018,POINT (-85.08755360953934 35.078608947054946),POINT (-85.04830068258018 35.06358644325448)
470650104334,470650104123,62,35.12234856659848,-85.24240592785871,35.137660779571284,-85.26951854269477,POINT (-85.24240592785871 35.12234856659848),POINT (-85.26951854269477 35.137660779571284)
470650004003,470650124003,48,35.049847000025075,-85.28361499997432,35.06467665442786,-85.27991840508352,POINT (-85.28361499997432 35.049847000025075),POINT (-85.27991840508352 35.06467665442786)
470650029001,470650029001,12,35.017401803166806,-85.23530871511838,35.00930963119628,-85.21771829753513,POINT (-85.23530871511838 35.017401803166806),POINT (-85.21771829753513 35.00930963119628)
470650109051,470650016003,46,35.14642822824283,-85.29338195537403,35.105519446062814,-85.28343754605528,POINT (-85.29338195537403 35.14642822824283),POINT (-85.28343754605528 35.105519446062814)
470650122002,470650116004,69,35.06412738891262,-85.25487610793986,35.08202231687226,-85.2375493363131,POINT (-85.25487610793986 35.06412738891262),POINT (-85.2375493363131 35.08202231687226)
470650114022,470659802001,27,35.08503199999572,-85.18239200003507,35.10089003471198,-85.13333786126954,POINT (-85.18239200003507 35.08503199999572),POINT (-85.13333786126954 35.10089003471198)
470650104324,470650114482,67,35.10922997491511,-85.21447975054704,35.161391014351864,-85.17800582550147,POINT (-85.21447975054704 35.10922997491511),POINT (-85.17800582550147 35.161391014351864)
470650109011,470650112062,78,35.07663889859672,-85.3207192028853,35.1053254454178,-85.29161130005251,POINT (-85.3207192028853 35.07663889859672),POINT (-85.29161130005251 35.1053254454178)
470650101013,470659802001,1,35.182777806043454,-85.05851919461414,35.14757873127137,-85.06746904248313,POINT (-85.05851919461414 35.182777806043454),POINT (-85.06746904248313 35.14757873127137)
470650114492,470650114451,11,35.05165488194928,-85.16819001905208,35.02474667684181,-85.14771984609719,POINT (-85.16819001905208 35.05165488194928),POINT (-85.14771984609719 35.02474667684181)
470650104332,470650124002,86,35.132119795649615,-85.25413659654473,35.07842493883207,-85.26632495517204,POINT (-85.25413659654473 35.132119795649615),POINT (-85.26632495517204 35.07842493883207)
470650113234,470650031001,67,35.03989638573496,-85.13178227430818,35.03009278213135,-85.18262002319179,POINT (-85.13178227430818 35.03989638573496),POINT (-85.18262002319179 35.03009278213135)
470650104312,470650113114,74,35.174061801922186,-85.23799622164168,35.1205538948705,-85.31358085908138,POINT (-85.23799622164168 35.174061801922186),POINT (-85.31358085908138 35.1205538948705)
470650114441,470650114111,36,35.07411601217997,-85.21836833064152,35.07518941537637,-85.26129901032054,POINT (-85.21836833064152 35.07411601217997),POINT (-85.26129901032054 35.07518941537637)
470650019003,470659802001,35,34.99382075006063,-85.30690279993344,35.03784238326688,-85.22076341471954,POINT (-85.30690279993344 34.99382075006063),POINT (-85.22076341471954 35.03784238326688)
470650123002,470650123003,2,35.079303999992824,-85.22214949998907,35.075566124810926,-85.22146879870964,POINT (-85.22214949998907 35.079303999992824),POINT (-85.22146879870964 35.075566124810926)
470650103082,470650016003,10,35.24009639663515,-85.19039298271622,35.21208409309116,-85.19053567776824,POINT (-85.19039298271622 35.24009639663515),POINT (-85.19053567776824 35.21208409309116)
470650112053,470659802001,16,35.15469539641701,-85.04955017466843,35.18676408166819,-85.03249326233785,POINT (-85.04955017466843 35.15469539641701),POINT (-85.03249326233785 35.18676408166819)
470650103032,470650031002,72,35.2144305133772,-85.1756616662122,35.20972314644052,-85.18376727031077,POINT (-85.1756616662122 35.2144305133772),POINT (-85.18376727031077 35.20972314644052)
470650101032,470650034001,32,35.18925026231452,-85.05940920129305,35.191913635853936,-85.11895249263884,POINT (-85.05940920129305 35.18925026231452),POINT (-85.11895249263884 35.191913635853936)
470650112043,470650112063,64,35.03382912719551,-84.99448456314987,35.02280596288202,-85.0145199125901,POINT (-84.99448456314987 35.03382912719551),POINT (-85.0145199125901 35.02280596288202)
470650112051,470650104334,71,35.09143749963758,-85.0621443660832,35.12877717507007,-85.12295883921024,POINT (-85.0621443660832 35.09143749963758),POINT (-85.12295883921024 35.12877717507007)
470650113241,470650105016,28,35.02527480236137,-85.11097782355782,35.08985893684062,-85.2033784663491,POINT (-85.11097782355782 35.02527480236137),POINT (-85.2033784663491 35.08985893684062)
470650114441,470650114022,44,35.07250126811729,-85.20942849341449,35.09011494660338,-85.16689491321628,POINT (-85.20942849341449 35.07250126811729),POINT (-85.16689491321628 35.09011494660338)
470650103051,470659802001,2,35.2414987679548,-85.11649292430644,35.21831472441277,-85.14360534474537,POINT (-85.11649292430644 35.2414987679548),POINT (-85.14360534474537 35.21831472441277)
470650025001,470650114422,91,35.00207675689878,-85.27853668705936,34.99282049556936,-85.25266834612813,POINT (-85.27853668705936 35.00207675689878),POINT (-85.25266834612813 34.99282049556936)
470650112042,470659802001,57,35.048411149844725,-85.03647038290235,35.037233628601534,-85.0072242526889,POINT (-85.03647038290235 35.048411149844725),POINT (-85.0072242526889 35.037233628601534)
470650104115,470659802001,67,35.20147359999714,-85.21473125001141,35.181540651057695,-85.19759626696435,POINT (-85.21473125001141 35.20147359999714),POINT (-85.19759626696435 35.181540651057695)
470650103091,470650114111,43,35.2572738000189,-85.17777559999226,35.234679862874685,-85.10059430567419,POINT (-85.17777559999226 35.2572738000189),POINT (-85.10059430567419 35.234679862874685)
470650114422,470650030002,88,34.98864181157865,-85.20029871619451,34.92860163476014,-85.19099658362865,POINT (-85.20029871619451 34.98864181157865),POINT (-85.19099658362865 34.92860163476014)
470650113141,470650014002,94,35.04265758063952,-85.10937485488569,35.05436500281281,-85.10403971549623,POINT (-85.10937485488569 35.04265758063952),POINT (-85.10403971549623 35.05436500281281)
470650113233,470650112032,41,35.046719558108215,-85.13949999393245,35.05620474898772,-85.11168215964928,POINT (-85.13949999393245 35.046719558108215),POINT (-85.11168215964928 35.05620474898772)
470650114475,470650114462,57,35.115689123833164,-85.11296633119991,35.09388244778285,-85.07514517532178,POINT (-85.11296633119991 35.115689123833164),POINT (-85.07514517532178 35.09388244778285)
470650101032,470650016003,21,35.22043176191917,-85.0571561349074,35.19159313369049,-85.07949470942172,POINT (-85.0571561349074 35.22043176191917),POINT (-85.07949470942172 35.19159313369049)
470650110031,470650031001,95,35.177230363310656,-85.30559994696087,35.144127028385064,-85.32636829269966,POINT (-85.30559994696087 35.177230363310656),POINT (-85.32636829269966 35.144127028385064)
470650114131,470650114491,68,35.1008147920982,-85.16944527322721,35.13649768331127,-85.20596804490869,POINT (-85.16944527322721 35.1008147920982),POINT (-85.20596804490869 35.13649768331127)
470650114022,470650031002,20,35.08650790273671,-85.1811493117482,35.08383604340287,-85.1576514762458,POINT (-85.1811493117482 35.08650790273671),POINT (-85.1576514762458 35.08383604340287)
470650114133,470650012003,74,35.121455715409084,-85.1211154179374,35.08378272312124,-85.12700945607979,POINT (-85.1211154179374 35.121455715409084),POINT (-85.12700945607979 35.08378272312124)
470650110031,470650110031,85,35.17273428170503,-85.30203990697466,35.18130966653355,-85.36229237901149,POINT (-85.30203990697466 35.17273428170503),POINT (-85.36229237901149 35.18130966653355)
470650112053,470650004002,15,35.1542332627996,-85.04823232700538,35.16939553374371,-85.06129278258142,POINT (-85.04823232700538 35.1542332627996),POINT (-85.06129278258142 35.16939553374371)
470650111001,470650031002,36,35.13823273900175,-85.34310477909307,35.118387453238704,-85.37834414382066,POINT (-85.34310477909307 35.13823273900175),POINT (-85.37834414382066 35.118387453238704)
470650030003,470650008001,14,35.00966583067378,-85.22059711515124,35.051789897005015,-85.21222129538566,POINT (-85.22059711515124 35.00966583067378),POINT (-85.21222129538566 35.051789897005015)
470650117001,470650104352,30,35.002072279381025,-85.23507365984825,34.97073204677918,-85.22777512692018,POINT (-85.23507365984825 35.002072279381025),POINT (-85.22777512692018 34.97073204677918)
470650034002,470650114451,61,35.01669115476565,-85.18471400926033,35.04678033429326,-85.12650034084639,POINT (-85.18471400926033 35.01669115476565),POINT (-85.12650034084639 35.04678033429326)
470650103052,470650031002,97,35.277781450000255,-85.1352180000013,35.256448630996715,-85.07320365349076,POINT (-85.1352180000013 35.277781450000255),POINT (-85.07320365349076 35.256448630996715)
470650117004,470650031002,48,35.00217050002609,-85.2514795000625,34.938793190232644,-85.20776904657242,POINT (-85.2514795000625 35.00217050002609),POINT (-85.20776904657242 34.938793190232644)
470650006001,470650031002,60,35.062168289105934,-85.30492320690317,35.03790697105056,-85.2323309399868,POINT (-85.30492320690317 35.062168289105934),POINT (-85.2323309399868 35.03790697105056)
470650113214,470650114463,13,35.0249500000212,-85.14933449999783,34.999839323684725,-85.1870602626872,POINT (-85.14933449999783 35.0249500000212),POINT (-85.1870602626872 34.999839323684725)
470650104325,470650031002,94,35.13575643531164,-85.21276119464018,35.15326652868924,-85.17989873731457,POINT (-85.21276119464018 35.13575643531164),POINT (-85.17989873731457 35.15326652868924)
470650112052,470650104313,91,35.10990865591423,-85.0519504684482,35.0687954393378,-85.11802172767645,POINT (-85.0519504684482 35.10990865591423),POINT (-85.11802172767645 35.0687954393378)
470650118005,470650112052,12,34.98524857972394,-85.25415393331272,34.97662593429125,-85.23694690556576,POINT (-85.25415393331272 34.98524857972394),POINT (-85.23694690556576 34.97662593429125)
470650112063,470650114441,8,35.06839196686402,-85.06171246538689,35.061021875763785,-85.0469448622631,POINT (-85.06171246538689 35.06839196686402),POINT (-85.0469448622631 35.061021875763785)
470650109042,470650123003,15,35.1008299840557,-85.3255654138005,35.073934406683236,-85.27212900040007,POINT (-85.3255654138005 35.1008299840557),POINT (-85.27212900040007 35.073934406683236)
470650101011,470650016003,64,35.17315203103312,-85.12588623658819,35.16877109062642,-85.12460357826369,POINT (-85.12588623658819 35.17315203103312),POINT (-85.12460357826369 35.16877109062642)
470650104311,470650124002,30,35.17170152178273,-85.21527472071844,35.22641148301504,-85.16413828246867,POINT (-85.21527472071844 35.17170152178273),POINT (-85.16413828246867 35.22641148301504)
470650103052,470650113211,95,35.25283342296334,-85.1048084113752,35.23798107596834,-85.04005480948585,POINT (-85.1048084113752 35.25283342296334),POINT (-85.04005480948585 35.23798107596834)
470650113241,470659802001,100,35.02412056964376,-85.11178265575086,35.008012993297605,-85.1190103897906,POINT (-85.11178265575086 35.02412056964376),POINT (-85.1190103897906 35.008012993297605)
470650030003,470650112032,82,35.01091459461156,-85.22425238259363,34.96054691479327,-85.24260245559836,POINT (-85.22425238259363 35.01091459461156),POINT (-85.24260245559836 34.96054691479327)
470650113112,470659802001,54,35.06029444991002,-85.07092920025839,34.985571041158444,-85.15778820599475,POINT (-85.07092920025839 35.06029444991002),POINT (-85.15778820599475 34.985571041158444)
470650102011,470650031002,55,35.315472662225815,-85.13103134933684,35.321152208668245,-85.13909355965393,POINT (-85.13103134933684 35.315472662225815),POINT (-85.13909355965393 35.321152208668245)
470650104332,470650012002,3,35.131638628619754,-85.2528814843726,35.15357985259985,-85.28810003400679,POINT (-85.2528814843726 35.131638628619754),POINT (-85.28810003400679 35.15357985259985)
470650112042,470659802001,21,35.03429536517617,-85.02853658253494,35.0710306238496,-84.99525569003642,POINT (-85.02853658253494 35.03429536517617),POINT (-84.99525569003642 35.0710306238496)
470650114472,470650004002,21,35.08853100749724,-85.08283048090533,35.09711678679834,-85.04920291977467,POINT (-85.08283048090533 35.08853100749724),POINT (-85.04920291977467 35.09711678679834)
470650114113,470650109012,83,35.095048500032775,-85.18962500007022,35.15406827631002,-85.15562210875906,POINT (-85.18962500007022 35.095048500032775),POINT (-85.15562210875906 35.15406827631002)
470650008001,470650031001,92,35.074152078881184,-85.30795850463468,35.11698342108301,-85.33965606347644,POINT (-85.30795850463468 35.074152078881184),POINT (-85.33965606347644 35.11698342108301)
470650114472,470650114474,76,35.08709255267751,-85.09021916985715,35.080283033254794,-85.03910736816451,POINT (-85.09021916985715 35.08709255267751),POINT (-85.03910736816451 35.080283033254794)
470650117003,470650006003,19,35.01122500000365,-85.25327450003992,34.953471477949954,-85.29793989425531,POINT (-85.25327450003992 35.01122500000365),POINT (-85.29793989425531 34.953471477949954)
470650101012,470650032003,71,35.17346400439227,-85.08309889931569,35.21415942563428,-85.14025083628293,POINT (-85.08309889931569 35.17346400439227),POINT (-85.14025083628293 35.21415942563428)
470650024004,470650034001,78,34.99754055004589,-85.28815529995656,34.99726133963362,-85.30953941248603,POINT (-85.28815529995656 34.99754055004589),POINT (-85.30953941248603 34.99726133963362)
470650114476,470650118004,20,35.114431268291554,-85.09503930899056,35.09336577674515,-85.08098313767728,POINT (-85.09503930899056 35.114431268291554),POINT (-85.08098313767728 35.09336577674515)
470650124004,470650114492,57,35.04137485000392,-85.29397985000983,35.051643370429304,-85.27425518563909,POINT (-85.29397985000983 35.04137485000392),POINT (-85.27425518563909 35.051643370429304)
470650025002,470650004002,7,35.0152011445986,-85.29008551600249,35.006744714141036,-85.23907129785817,POINT (-85.29008551600249 35.0152011445986),POINT (-85.23907129785817 35.006744714141036)
470650030001,470650016003,77,35.01268459710748,-85.22680522524007,35.01122835075279,-85.20538662436964,POINT (-85.22680522524007 35.01268459710748),POINT (-85.20538662436964 35.01122835075279)
470650102023,470650103091,84,35.389530739765306,-85.1049126137094,35.37615320343898,-85.12679545663758,POINT (-85.1049126137094 35.389530739765306),POINT (-85.12679545663758 35.37615320343898)
470650101011,470659802001,7,35.172870766919345,-85.09029300260597,35.187052844980826,-85.06845344098996,POINT (-85.09029300260597 35.172870766919345),POINT (-85.06845344098996 35.187052844980826)
470650105013,470650121003,77,35.12084081040179,-85.27627765544555,35.140064073523,-85.26692269428798,POINT (-85.27627765544555 35.12084081040179),POINT (-85.26692269428798 35.140064073523)
470650104112,470650116003,78,35.181977240030065,-85.19679853992021,35.22274112080375,-85.23174928841024,POINT (-85.19679853992021 35.181977240030065),POINT (-85.23174928841024 35.22274112080375)
470650117001,470650031002,2,35.00220950000283,-85.2361575000245,34.9833284867559,-85.26414681714495,POINT (-85.2361575000245 35.00220950000283),POINT (-85.26414681714495 34.9833284867559)
470650111001,470650013002,16,35.13653914967976,-85.34090705830721,35.15575670726425,-85.39166450075133,POINT (-85.34090705830721 35.13653914967976),POINT (-85.39166450075133 35.15575670726425)
470650113214,470650012002,73,35.025307440443065,-85.14858780772208,35.014825791253315,-85.13675204705693,POINT (-85.14858780772208 35.025307440443065),POINT (-85.13675204705693 35.014825791253315)
470650108002,470650112063,76,35.099878485821286,-85.30652119757013,35.12105344929911,-85.33855749353582,POINT (-85.30652119757013 35.099878485821286),POINT (-85.33855749353582 35.12105344929911)
470650124001,470650121003,91,35.04969504999595,-85.30343440002495,35.06413398500764,-85.31784343324493,POINT (-85.30343440002495 35.04969504999595),POINT (-85.31784343324493 35.06413398500764)
470650112051,470650124001,43,35.087818669412584,-85.0720732251504,35.132908766833005,-85.1140049936657,POINT (-85.0720732251504 35.087818669412584),POINT (-85.1140049936657 35.132908766833005)
470650111002,470650111001,73,35.11977922813395,-85.33228936825714,35.071474209229194,-85.37536285886222,POINT (-85.33228936825714 35.11977922813395),POINT (-85.37536285886222 35.071474209229194)
470650114461,470650013002,52,34.99887213211757,-85.18170096352583,34.99929986576443,-85.1016582070117,POINT (-85.18170096352583 34.99887213211757),POINT (-85.1016582070117 34.99929986576443)
470650114454,470650114482,93,35.046327700363186,-85.17692788572354,35.09205924944653,-85.15620626964814,POINT (-85.17692788572354 35.046327700363186),POINT (-85.15620626964814 35.09205924944653)
470650113213,470650114451,100,35.019362649244,-85.13078532996464,35.04625974214044,-85.10758129665918,POINT (-85.13078532996464 35.019362649244),POINT (-85.10758129665918 35.04625974214044)
470650104324,470650016003,77,35.12491861629211,-85.2186819559637,35.125691862484935,-85.1916617115171,POINT (-85.2186819559637 35.12491861629211),POINT (-85.1916617115171 35.125691862484935)
470650034003,470650104313,79,35.024275506183265,-85.18185758038554,35.03756650482707,-85.17302824243201,POINT (-85.18185758038554 35.024275506183265),POINT (-85.17302824243201 35.03756650482707)
470650103052,470650114481,58,35.27556070495461,-85.13613132088777,35.29594615908955,-85.16066044908123,POINT (-85.13613132088777 35.27556070495461),POINT (-85.16066044908123 35.29594615908955)
470650121001,470659802001,64,35.05006567647639,-85.35619622486146,35.037262960445595,-85.32096816640588,POINT (-85.35619622486146 35.05006567647639),POINT (-85.32096816640588 35.037262960445595)
470650011002,470650031001,48,35.03316939363506,-85.2733288249316,35.04866737421685,-85.25214482737798,POINT (-85.2733288249316 35.03316939363506),POINT (-85.25214482737798 35.04866737421685)
470650113141,470659802001,87,35.04191461535773,-85.1088290223304,35.06255822347095,-85.0751448794025,POINT (-85.1088290223304 35.04191461535773),POINT (-85.0751448794025 35.06255822347095)
470650113254,470650016003,51,34.98909459310873,-85.11944093113942,34.956501931582906,-85.07391372429912,POINT (-85.11944093113942 34.98909459310873),POINT (-85.07391372429912 34.956501931582906)
470650102012,470650018001,6,35.310122975258324,-85.14743661039633,35.29446558730874,-85.10258578963163,POINT (-85.14743661039633 35.310122975258324),POINT (-85.10258578963163 35.29446558730874)
470650019001,470650114462,41,35.00822406050106,-85.31171200498203,35.018362861588415,-85.30087840589496,POINT (-85.31171200498203 35.00822406050106),POINT (-85.30087840589496 35.018362861588415)
470650116003,470650004002,70,34.99347791949107,-85.20990100726664,34.95921311086012,-85.22511671282186,POINT (-85.20990100726664 34.99347791949107),POINT (-85.22511671282186 34.95921311086012)
470650113116,470659802001,87,35.07834567279232,-85.08855205070394,35.09879752582583,-85.04224199612334,POINT (-85.08855205070394 35.07834567279232),POINT (-85.04224199612334 35.09879752582583)
470650104333,470650031002,38,35.11567110056948,-85.25554648243337,35.06096069321193,-85.29788935060441,POINT (-85.25554648243337 35.11567110056948),POINT (-85.29788935060441 35.06096069321193)
470650020001,470650123003,9,35.03456000000237,-85.30984050000266,35.04073912794396,-85.3283172916092,POINT (-85.30984050000266 35.03456000000237),POINT (-85.3283172916092 35.04073912794396)
470650114476,470650114472,8,35.117827503017544,-85.0872144625226,35.1994828744483,-85.07183379464298,POINT (-85.0872144625226 35.117827503017544),POINT (-85.07183379464298 35.1994828744483)
470650116001,470650114111,43,34.99687924082766,-85.23339607106212,34.98711470236185,-85.21543621523794,POINT (-85.23339607106212 34.99687924082766),POINT (-85.21543621523794 34.98711470236185)
470650103052,470650016003,31,35.251942546372725,-85.14384211969758,35.26394594713357,-85.13588192684668,POINT (-85.14384211969758 35.251942546372725),POINT (-85.13588192684668 35.26394594713357)
470650113241,470650113214,38,35.02609461719348,-85.11035118106182,35.007638435090264,-85.08071817131659,POINT (-85.11035118106182 35.02609461719348),POINT (-85.08071817131659 35.007638435090264)
470650101033,470650016003,69,35.21500542455718,-85.03218879320495,35.22790744583526,-85.02466351374616,POINT (-85.03218879320495 35.21500542455718),POINT (-85.02466351374616 35.22790744583526)
470650105015,470650016003,100,35.10836712339908,-85.27284048785653,35.09279766302092,-85.23552471277806,POINT (-85.27284048785653 35.10836712339908),POINT (-85.23552471277806 35.09279766302092)
470650121003,470650031002,82,35.02386187404342,-85.37258996094133,35.0813787253589,-85.38994079643133,POINT (-85.37258996094133 35.02386187404342),POINT (-85.38994079643133 35.0813787253589)
470650109041,470650019002,43,35.11440056586359,-85.31326602904959,35.192238355430455,-85.22459550430352,POINT (-85.31326602904959 35.11440056586359),POINT (-85.22459550430352 35.192238355430455)
470650114454,470650031001,62,35.03567563381688,-85.18254132474435,35.05276731899977,-85.20993800106022,POINT (-85.18254132474435 35.03567563381688),POINT (-85.20993800106022 35.05276731899977)
470650114473,470650122002,2,35.139325526079595,-85.0921398337942,35.15515540660789,-85.08305541553342,POINT (-85.0921398337942 35.139325526079595),POINT (-85.08305541553342 35.15515540660789)
470650104113,470650114111,68,35.18119671491455,-85.18357206053307,35.15014275050571,-85.1365364007116,POINT (-85.18357206053307 35.18119671491455),POINT (-85.1365364007116 35.15014275050571)
470650103032,470650114111,21,35.21707193293711,-85.171163121154,35.27461862581188,-85.19054609136072,POINT (-85.171163121154 35.21707193293711),POINT (-85.19054609136072 35.27461862581188)
470650104322,470650109012,92,35.13494590000903,-85.19526210007153,35.149887901891994,-85.23287057071992,POINT (-85.19526210007153 35.13494590000903),POINT (-85.23287057071992 35.149887901891994)
470650113252,470650123003,98,34.986822500040084,-85.12885449999446,34.990129374823304,-85.10464907166265,POINT (-85.12885449999446 34.986822500040084),POINT (-85.10464907166265 34.990129374823304)
470650026002,470650016003,45,35.02488672897677,-85.27935462388712,34.983038925786744,-85.27386743647229,POINT (-85.27935462388712 35.02488672897677),POINT (-85.27386743647229 34.983038925786744)
470650114492,470659802001,11,35.05624500000127,-85.16156450001334,35.03669758547742,-85.15252450026755,POINT (-85.16156450001334 35.05624500000127),POINT (-85.15252450026755 35.03669758547742)
470650016003,470650111003,90,35.04336705097885,-85.319981379689,35.05312994696164,-85.3288472859152,POINT (-85.319981379689 35.04336705097885),POINT (-85.3288472859152 35.05312994696164)
470650112043,470650123003,19,35.035868974724266,-84.99480195296552,35.05391803207593,-84.94281728719969,POINT (-84.99480195296552 35.035868974724266),POINT (-84.94281728719969 35.05391803207593)
470650103043,470650114454,47,35.20340675010226,-85.15240070009179,35.22268559222338,-85.1093166474416,POINT (-85.15240070009179 35.20340675010226),POINT (-85.1093166474416 35.22268559222338)
470650007004,470650031002,38,35.076009650009176,-85.30496680000033,35.07001355663547,-85.25964432489482,POINT (-85.30496680000033 35.076009650009176),POINT (-85.25964432489482 35.07001355663547)
470650113142,470650016003,22,35.024159951644506,-85.08828063714716,34.97475599585589,-85.151200193257,POINT (-85.08828063714716 35.024159951644506),POINT (-85.151200193257 34.97475599585589)
470650029001,470650016003,15,35.02463041268316,-85.24475747022831,35.09657421670498,-85.20942423809086,POINT (-85.24475747022831 35.02463041268316),POINT (-85.20942423809086 35.09657421670498)
470650114112,470650114454,35,35.0981220013922,-85.18297496565827,35.10436326258702,-85.16787151812909,POINT (-85.18297496565827 35.0981220013922),POINT (-85.16787151812909 35.10436326258702)
470650104113,470650012003,50,35.16960237157665,-85.1827693116046,35.11271951110749,-85.21916909656393,POINT (-85.1827693116046 35.16960237157665),POINT (-85.21916909656393 35.11271951110749)
470650112053,470650114492,62,35.154526916513746,-85.05001765885335,35.148148395126995,-85.05761970385453,POINT (-85.05001765885335 35.154526916513746),POINT (-85.05761970385453 35.148148395126995)
470650104341,470650112032,77,35.21464547820396,-85.22634245437465,35.20626046442469,-85.15615996546434,POINT (-85.22634245437465 35.21464547820396),POINT (-85.15615996546434 35.20626046442469)
470650008001,470650019002,77,35.07255253711803,-85.3117554293275,35.01416268509832,-85.33570382930452,POINT (-85.3117554293275 35.07255253711803),POINT (-85.33570382930452 35.01416268509832)
470650112032,470650104326,38,35.033003047004925,-85.05024495193373,35.003524085458174,-84.98158655169502,POINT (-85.05024495193373 35.033003047004925),POINT (-84.98158655169502 35.003524085458174)
470650029001,470650031001,82,35.02384847578556,-85.2444141102929,35.01494889237458,-85.22290840992224,POINT (-85.2444141102929 35.02384847578556),POINT (-85.22290840992224 35.01494889237458)
470650105015,470650016003,56,35.114197183513376,-85.27253768480537,35.15303636580968,-85.32903477209491,POINT (-85.27253768480537 35.114197183513376),POINT (-85.32903477209491 35.15303636580968)
470650105013,470650124002,94,35.12033518213269,-85.26990791021706,35.14496849503188,-85.34283086173444,POINT (-85.26990791021706 35.12033518213269),POINT (-85.34283086173444 35.14496849503188)
470650104124,470650031001,11,35.20167853386257,-85.20563530694098,35.225658839241916,-85.22409582022023,POINT (-85.20563530694098 35.20167853386257),POINT (-85.22409582022023 35.225658839241916)
470650103063,470650123003,89,35.234786463643374,-85.17386459727382,35.22626927082003,-85.1741634119021,POINT (-85.17386459727382 35.234786463643374),POINT (-85.1741634119021 35.22626927082003)
470650114476,470650004002,51,35.115639600008144,-85.08567690003566,35.093367672431015,-85.10674089849465,POINT (-85.08567690003566 35.115639600008144),POINT (-85.10674089849465 35.093367672431015)
470650110011,470650114462,48,35.25740010552783,-85.2149522299124,35.25724782664253,-85.1489446843284,POINT (-85.2149522299124 35.25740010552783),POINT (-85.1489446843284 35.25724782664253)
470650034002,470650012003,18,35.01589438892516,-85.20392662063031,35.001146167875575,-85.22605497545737,POINT (-85.20392662063031 35.01589438892516),POINT (-85.22605497545737 35.001146167875575)
470650114492,470650020001,88,35.05088331716138,-85.17017500470348,35.052942728548175,-85.16657148610778,POINT (-85.17017500470348 35.05088331716138),POINT (-85.16657148610778 35.052942728548175)
470650007004,470650124002,24,35.080730985725886,-85.30315118823495,35.102910006332486,-85.2948000722494,POINT (-85.30315118823495 35.080730985725886),POINT (-85.2948000722494 35.102910006332486)
470650113111,470650012002,14,35.04685310430658,-85.12935080692532,35.05803960010899,-85.16568371330587,POINT (-85.12935080692532 35.04685310430658),POINT (-85.16568371330587 35.05803960010899)
470650110031,470650124002,22,35.17543237920377,-85.31719092823288,35.217671173574324,-85.31768604681638,POINT (-85.31719092823288 35.17543237920377),POINT (-85.31768604681638 35.217671173574324)
470650101041,470650112032,92,35.265030683385355,-85.02075731671906,35.275906602672514,-85.02919455364503,POINT (-85.02075731671906 35.265030683385355),POINT (-85.02919455364503 35.275906602672514)
470650020001,470650109011,48,35.03292074201046,-85.30894203169537,35.080016999394005,-85.339170713956,POINT (-85.30894203169537 35.03292074201046),POINT (-85.339170713956 35.080016999394005)
470650113251,470650031002,39,34.98923186906263,-85.14024843567864,34.969259612482155,-85.16400765211954,POINT (-85.14024843567864 34.98923186906263),POINT (-85.16400765211954 34.969259612482155)
470650103041,470650109041,48,35.20413856157634,-85.12649557996303,35.2278046357032,-85.06310868787024,POINT (-85.12649557996303 35.20413856157634),POINT (-85.06310868787024 35.2278046357032)
470650031002,470650008001,42,35.05386114807288,-85.30884971718818,34.99985200883198,-85.32004311964779,POINT (-85.30884971718818 35.05386114807288),POINT (-85.32004311964779 34.99985200883198)
470650105016,470650031002,35,35.108138992589495,-85.26741011951215,35.17581643718157,-85.22595682818198,POINT (-85.26741011951215 35.108138992589495),POINT (-85.22595682818198 35.17581643718157)
470650104323,470650004003,43,35.12215316975384,-85.20865575668647,35.12821650444261,-85.20109899098631,POINT (-85.20865575668647 35.12215316975384),POINT (-85.20109899098631 35.12821650444261)
470650111003,470650031001,85,35.1255227944742,-85.35255524238536,35.07052665049751,-85.31947524720704,POINT (-85.35255524238536 35.1255227944742),POINT (-85.31947524720704 35.07052665049751)
470650034001,470650034003,96,35.020915000003185,-85.19504700000947,35.023065321894244,-85.19804541285549,POINT (-85.19504700000947 35.020915000003185),POINT (-85.19804541285549 35.023065321894244)
470650112053,470659802001,21,35.15390591567151,-85.04736051492291,35.22022536631092,-85.07650535676065,POINT (-85.04736051492291 35.15390591567151),POINT (-85.07650535676065 35.22022536631092)
470650110043,470650006001,37,35.15122715768614,-85.37290893016088,35.15023435771765,-85.34961827046666,POINT (-85.37290893016088 35.15122715768614),POINT (-85.34961827046666 35.15023435771765)
470650106002,470650012002,30,35.1299729011444,-85.27757408721074,35.16432411701605,-85.234330806605,POINT (-85.27757408721074 35.1299729011444),POINT (-85.234330806605 35.16432411701605)
470650103082,470650123003,71,35.23139340001903,-85.20707294998473,35.187624191245924,-85.25790199000849,POINT (-85.20707294998473 35.23139340001903),POINT (-85.25790199000849 35.187624191245924)
470650104131,470650104321,35,35.1712021000458,-85.15423754999613,35.15080069334846,-85.19076931494021,POINT (-85.15423754999613 35.1712021000458),POINT (-85.19076931494021 35.15080069334846)
470650103092,470650103082,84,35.297163219010635,-85.15516650331038,35.25468965076966,-85.18810010725353,POINT (-85.15516650331038 35.297163219010635),POINT (-85.18810010725353 35.25468965076966)
470650112031,470650114451,36,35.027472574984785,-85.08413645718146,35.02748188261692,-85.08926668668114,POINT (-85.08413645718146 35.027472574984785),POINT (-85.08926668668114 35.02748188261692)
470650101032,470650109011,73,35.18925026231452,-85.05940920129305,35.18547931102307,-85.06473485530576,POINT (-85.05940920129305 35.18925026231452),POINT (-85.06473485530576 35.18547931102307)
470650104314,470650031001,85,35.16811881040609,-85.1965240864253,35.15802108214518,-85.18752817399813,POINT (-85.1965240864253 35.16811881040609),POINT (-85.18752817399813 35.15802108214518)
470650034003,470650104333,38,35.02907292422986,-85.18193647699496,35.05476431891465,-85.20191202619105,POINT (-85.18193647699496 35.02907292422986),POINT (-85.20191202619105 35.05476431891465)
470650113214,470650114111,32,35.03534603151479,-85.14444924907183,35.003709689916306,-85.14285144128759,POINT (-85.14444924907183 35.03534603151479),POINT (-85.14285144128759 35.003709689916306)
470650110042,470650026003,27,35.140133519695894,-85.33063342637665,35.11326911620395,-85.31065828364355,POINT (-85.33063342637665 35.140133519695894),POINT (-85.31065828364355 35.11326911620395)
470650033003,470650113112,22,35.02957730002239,-85.22958624998665,35.005521905986406,-85.19116629067142,POINT (-85.22958624998665 35.02957730002239),POINT (-85.19116629067142 35.005521905986406)
470650105013,470659802001,17,35.12304642182634,-85.27612117096263,35.08256722385873,-85.22355141456063,POINT (-85.27612117096263 35.12304642182634),POINT (-85.22355141456063 35.08256722385873)
